date,city,station,tmax_f,tmin_f
2026-02-06,NYC,USW00094728,33.0,23.0
2026-02-07,NYC,USW00094728,27.0,6.0
2026-02-08,NYC,USW00094728,18.0,3.0
2026-02-09,NYC,USW00094728,31.0,10.0
2026-02-10,NYC,USW00094728,37.0,24.0
2026-02-11,NYC,USW00094728,41.0,33.0
2026-02-12,NYC,USW00094728,36.0,27.0
2026-02-13,NYC,USW00094728,38.0,22.0
2026-02-14,NYC,USW00094728,46.0,29.0
2026-02-15,NYC,USW00094728,40.0,32.0
2026-02-16,NYC,USW00094728,39.0,29.0
2026-02-17,NYC,USW00094728,47.0,35.0
2026-02-18,NYC,USW00094728,41.0,37.0
2026-02-19,NYC,USW00094728,42.0,36.0
2026-02-20,NYC,USW00094728,37.0,34.0
2026-02-21,NYC,USW00094728,46.0,36.0
2026-02-22,NYC,USW00094728,39.0,30.0
2026-02-23,NYC,USW00094728,35.0,28.0
2026-02-24,NYC,USW00094728,31.0,23.0
2026-02-25,NYC,USW00094728,44.0,26.0
2026-02-26,NYC,USW00094728,49.0,35.0
2026-02-27,NYC,USW00094728,44.0,29.0
2026-02-28,NYC,USW00094728,54.0,33.0
2026-03-01,NYC,USW00094728,43.0,30.0
2026-03-02,NYC,USW00094728,33.0,21.0
2026-03-03,NYC,USW00094728,36.0,29.0
2026-03-04,NYC,USW00094728,49.0,35.0
2026-03-05,NYC,USW00094728,46.0,37.0
2026-03-06,NYC,USW00094728,41.0,37.0
2026-03-07,NYC,USW00094728,52.0,36.0
2026-03-08,NYC,USW00094728,69.0,50.0
2026-03-09,NYC,USW00094728,73.0,51.0
2026-03-10,NYC,USW00094728,80.0,51.0
2026-03-11,NYC,USW00094728,72.0,53.0
2026-03-12,NYC,USW00094728,63.0,34.0
2026-03-13,NYC,USW00094728,42.0,32.0
2026-03-14,NYC,USW00094728,51.0,38.0
2026-03-15,NYC,USW00094728,48.0,35.0
2026-03-16,NYC,USW00094728,57.0,48.0
2026-03-17,NYC,USW00094728,48.0,29.0
2026-03-18,NYC,USW00094728,37.0,25.0
2026-03-19,NYC,USW00094728,44.0,32.0
2026-03-20,NYC,USW00094728,57.0,39.0
2026-03-21,NYC,USW00094728,59.0,46.0
2026-03-22,NYC,USW00094728,63.0,44.0
2026-03-23,NYC,USW00094728,50.0,34.0
2026-03-24,NYC,USW00094728,48.0,32.0
2026-03-25,NYC,USW00094728,54.0,38.0
2026-03-26,NYC,USW00094728,76.0,45.0
2026-03-27,NYC,USW00094728,65.0,41.0
2026-03-28,NYC,USW00094728,44.0,31.0
2026-03-29,NYC,USW00094728,54.0,34.0
2026-03-30,NYC,USW00094728,73.0,47.0
2026-03-31,NYC,USW00094728,81.0,60.0
2026-04-01,NYC,USW00094728,80.0,51.0
2026-04-02,NYC,USW00094728,51.0,41.0
2026-04-03,NYC,USW00094728,66.0,41.0
2026-04-04,NYC,USW00094728,73.0,42.0
2026-04-05,NYC,USW00094728,57.0,42.0
2026-04-06,NYC,USW00094728,56.0,41.0
2026-04-07,NYC,USW00094728,56.0,32.0
2026-04-08,NYC,USW00094728,51.0,30.0
2026-04-09,NYC,USW00094728,51.0,35.0
2026-04-10,NYC,USW00094728,63.0,40.0
2026-04-11,NYC,USW00094728,63.0,49.0
2026-04-12,NYC,USW00094728,55.0,43.0
2026-04-13,NYC,USW00094728,79.0,49.0
2026-04-14,NYC,USW00094728,87.0,64.0
2026-04-15,NYC,USW00094728,90.0,67.0
2026-04-16,NYC,USW00094728,89.0,71.0
2026-04-17,NYC,USW00094728,81.0,59.0
2026-04-18,NYC,USW00094728,66.0,49.0
2026-04-19,NYC,USW00094728,53.0,41.0
2026-04-20,NYC,USW00094728,51.0,39.0
2026-04-21,NYC,USW00094728,54.0,34.0
2026-04-22,NYC,USW00094728,56.0,44.0
2026-04-23,NYC,USW00094728,73.0,45.0
2026-04-24,NYC,USW00094728,68.0,50.0
2026-04-25,NYC,USW00094728,50.0,41.0
2026-04-26,NYC,USW00094728,57.0,42.0
2026-04-27,NYC,USW00094728,68.0,45.0
2026-04-28,NYC,USW00094728,65.0,49.0
2026-04-29,NYC,USW00094728,62.0,48.0
2026-04-30,NYC,USW00094728,60.0,47.0
2026-05-01,NYC,USW00094728,64.0,46.0
2026-05-02,NYC,USW00094728,61.0,49.0
2026-05-03,NYC,USW00094728,59.0,45.0
2026-05-04,NYC,USW00094728,72.0,50.0
2026-02-06,CHI,USW00014819,38.0,22.0
2026-02-07,CHI,USW00014819,25.0,13.0
2026-02-08,CHI,USW00014819,30.0,20.0
2026-02-09,CHI,USW00014819,38.0,22.0
2026-02-10,CHI,USW00014819,49.0,32.0
2026-02-11,CHI,USW00014819,43.0,26.0
2026-02-12,CHI,USW00014819,39.0,27.0
2026-02-13,CHI,USW00014819,54.0,26.0
2026-02-14,CHI,USW00014819,49.0,31.0
2026-02-15,CHI,USW00014819,60.0,31.0
2026-02-16,CHI,USW00014819,65.0,35.0
2026-02-17,CHI,USW00014819,57.0,42.0
2026-02-18,CHI,USW00014819,64.0,45.0
2026-02-19,CHI,USW00014819,58.0,39.0
2026-02-20,CHI,USW00014819,47.0,27.0
2026-02-21,CHI,USW00014819,29.0,24.0
2026-02-22,CHI,USW00014819,27.0,20.0
2026-02-23,CHI,USW00014819,29.0,20.0
2026-02-24,CHI,USW00014819,40.0,21.0
2026-02-25,CHI,USW00014819,38.0,27.0
2026-02-26,CHI,USW00014819,43.0,23.0
2026-02-27,CHI,USW00014819,65.0,30.0
2026-02-28,CHI,USW00014819,47.0,28.0
2026-03-01,CHI,USW00014819,32.0,26.0
2026-03-02,CHI,USW00014819,41.0,25.0
2026-03-03,CHI,USW00014819,43.0,34.0
2026-03-04,CHI,USW00014819,42.0,35.0
2026-03-05,CHI,USW00014819,51.0,40.0
2026-03-06,CHI,USW00014819,74.0,43.0
2026-03-07,CHI,USW00014819,64.0,38.0
2026-03-08,CHI,USW00014819,63.0,34.0
2026-03-09,CHI,USW00014819,73.0,47.0
2026-03-10,CHI,USW00014819,63.0,40.0
2026-03-11,CHI,USW00014819,45.0,32.0
2026-03-12,CHI,USW00014819,45.0,29.0
2026-03-13,CHI,USW00014819,48.0,34.0
2026-03-14,CHI,USW00014819,38.0,31.0
2026-03-15,CHI,USW00014819,64.0,32.0
2026-03-16,CHI,USW00014819,32.0,19.0
2026-03-17,CHI,USW00014819,25.0,15.0
2026-03-18,CHI,USW00014819,47.0,23.0
2026-03-19,CHI,USW00014819,60.0,35.0
2026-03-20,CHI,USW00014819,72.0,43.0
2026-03-21,CHI,USW00014819,77.0,43.0
2026-03-22,CHI,USW00014819,71.0,32.0
2026-03-23,CHI,USW00014819,41.0,31.0
2026-03-24,CHI,USW00014819,53.0,31.0
2026-03-25,CHI,USW00014819,72.0,43.0
2026-03-26,CHI,USW00014819,73.0,33.0
2026-03-27,CHI,USW00014819,44.0,32.0
2026-03-28,CHI,USW00014819,48.0,28.0
2026-03-29,CHI,USW00014819,63.0,41.0
2026-03-30,CHI,USW00014819,81.0,52.0
2026-03-31,CHI,USW00014819,69.0,41.0
2026-04-01,CHI,USW00014819,42.0,37.0
2026-04-02,CHI,USW00014819,71.0,39.0
2026-04-03,CHI,USW00014819,63.0,40.0
2026-04-04,CHI,USW00014819,60.0,41.0
2026-04-05,CHI,USW00014819,53.0,38.0
2026-04-06,CHI,USW00014819,52.0,34.0
2026-04-07,CHI,USW00014819,38.0,30.0
2026-04-08,CHI,USW00014819,71.0,37.0
2026-04-09,CHI,USW00014819,71.0,50.0
2026-04-10,CHI,USW00014819,53.0,40.0
2026-04-11,CHI,USW00014819,58.0,37.0
2026-04-12,CHI,USW00014819,81.0,57.0
2026-04-13,CHI,USW00014819,79.0,63.0
2026-04-14,CHI,USW00014819,82.0,57.0
2026-04-15,CHI,USW00014819,73.0,61.0
2026-04-16,CHI,USW00014819,74.0,50.0
2026-04-17,CHI,USW00014819,82.0,48.0
2026-04-18,CHI,USW00014819,63.0,40.0
2026-04-19,CHI,USW00014819,51.0,37.0
2026-04-20,CHI,USW00014819,57.0,35.0
2026-04-21,CHI,USW00014819,76.0,50.0
2026-04-22,CHI,USW00014819,68.0,49.0
2026-04-23,CHI,USW00014819,82.0,51.0
2026-04-24,CHI,USW00014819,71.0,50.0
2026-04-25,CHI,USW00014819,56.0,45.0
2026-04-26,CHI,USW00014819,60.0,44.0
2026-04-27,CHI,USW00014819,68.0,51.0
2026-04-28,CHI,USW00014819,64.0,50.0
2026-04-29,CHI,USW00014819,57.0,39.0
2026-04-30,CHI,USW00014819,56.0,38.0
2026-05-01,CHI,USW00014819,50.0,36.0
2026-05-02,CHI,USW00014819,56.0,32.0
2026-05-03,CHI,USW00014819,67.0,45.0
2026-05-04,CHI,USW00014819,81.0,49.0
2026-02-06,MIA,USW00012839,66.0,45.0
2026-02-07,MIA,USW00012839,79.0,51.0
2026-02-08,MIA,USW00012839,74.0,54.0
2026-02-09,MIA,USW00012839,75.0,54.0
2026-02-10,MIA,USW00012839,76.0,56.0
2026-02-11,MIA,USW00012839,78.0,59.0
2026-02-12,MIA,USW00012839,81.0,58.0
2026-02-13,MIA,USW00012839,81.0,61.0
2026-02-14,MIA,USW00012839,79.0,62.0
2026-02-15,MIA,USW00012839,81.0,70.0
2026-02-16,MIA,USW00012839,86.0,69.0
2026-02-17,MIA,USW00012839,80.0,65.0
2026-02-18,MIA,USW00012839,80.0,68.0
2026-02-19,MIA,USW00012839,82.0,63.0
2026-02-20,MIA,USW00012839,83.0,65.0
2026-02-21,MIA,USW00012839,84.0,67.0
2026-02-22,MIA,USW00012839,88.0,62.0
2026-02-23,MIA,USW00012839,64.0,49.0
2026-02-24,MIA,USW00012839,67.0,43.0
2026-02-25,MIA,USW00012839,72.0,48.0
2026-02-26,MIA,USW00012839,79.0,62.0
2026-02-27,MIA,USW00012839,83.0,70.0
2026-02-28,MIA,USW00012839,87.0,67.0
2026-03-01,MIA,USW00012839,84.0,68.0
2026-03-02,MIA,USW00012839,82.0,71.0
2026-03-03,MIA,USW00012839,83.0,71.0
2026-03-04,MIA,USW00012839,81.0,72.0
2026-03-05,MIA,USW00012839,84.0,74.0
2026-03-06,MIA,USW00012839,84.0,74.0
2026-03-07,MIA,USW00012839,83.0,74.0
2026-03-08,MIA,USW00012839,84.0,73.0
2026-03-09,MIA,USW00012839,85.0,72.0
2026-03-10,MIA,USW00012839,85.0,71.0
2026-03-11,MIA,USW00012839,84.0,74.0
2026-03-12,MIA,USW00012839,87.0,74.0
2026-03-13,MIA,USW00012839,81.0,72.0
2026-03-14,MIA,USW00012839,85.0,70.0
2026-03-15,MIA,USW00012839,81.0,70.0
2026-03-16,MIA,USW00012839,87.0,69.0
2026-03-17,MIA,USW00012839,71.0,56.0
2026-03-18,MIA,USW00012839,69.0,56.0
2026-03-19,MIA,USW00012839,78.0,62.0
2026-03-20,MIA,USW00012839,78.0,61.0
2026-03-21,MIA,USW00012839,81.0,61.0
2026-03-22,MIA,USW00012839,81.0,59.0
2026-03-23,MIA,USW00012839,82.0,61.0
2026-03-24,MIA,USW00012839,85.0,64.0
2026-03-25,MIA,USW00012839,82.0,64.0
2026-03-26,MIA,USW00012839,83.0,67.0
2026-03-27,MIA,USW00012839,84.0,72.0
2026-03-28,MIA,USW00012839,85.0,68.0
2026-03-29,MIA,USW00012839,80.0,68.0
2026-03-30,MIA,USW00012839,79.0,69.0
2026-03-31,MIA,USW00012839,82.0,71.0
2026-04-01,MIA,USW00012839,80.0,71.0
2026-04-02,MIA,USW00012839,83.0,72.0
2026-04-03,MIA,USW00012839,84.0,74.0
2026-04-04,MIA,USW00012839,83.0,72.0
2026-04-05,MIA,USW00012839,84.0,72.0
2026-04-06,MIA,USW00012839,84.0,72.0
2026-04-07,MIA,USW00012839,84.0,69.0
2026-04-08,MIA,USW00012839,83.0,69.0
2026-04-09,MIA,USW00012839,79.0,72.0
2026-04-10,MIA,USW00012839,82.0,72.0
2026-04-11,MIA,USW00012839,81.0,70.0
2026-04-12,MIA,USW00012839,81.0,71.0
2026-04-13,MIA,USW00012839,82.0,72.0
2026-04-14,MIA,USW00012839,83.0,71.0
2026-04-15,MIA,USW00012839,81.0,72.0
2026-04-16,MIA,USW00012839,82.0,72.0
2026-04-17,MIA,USW00012839,85.0,72.0
2026-04-18,MIA,USW00012839,86.0,74.0
2026-04-19,MIA,USW00012839,88.0,73.0
2026-04-20,MIA,USW00012839,86.0,70.0
2026-04-21,MIA,USW00012839,80.0,72.0
2026-04-22,MIA,USW00012839,81.0,71.0
2026-04-23,MIA,USW00012839,79.0,71.0
2026-04-24,MIA,USW00012839,84.0,70.0
2026-04-25,MIA,USW00012839,85.0,71.0
2026-04-26,MIA,USW00012839,88.0,72.0
2026-04-27,MIA,USW00012839,88.0,70.0
2026-04-28,MIA,USW00012839,86.0,74.0
2026-04-29,MIA,USW00012839,84.0,71.0
2026-04-30,MIA,USW00012839,87.0,73.0
2026-05-01,MIA,USW00012839,87.0,72.0
2026-05-02,MIA,USW00012839,94.0,76.0
2026-05-03,MIA,USW00012839,82.0,72.0
2026-05-04,MIA,USW00012839,82.0,71.0
2026-02-06,LAX,USW00023174,68.0,58.0
2026-02-07,LAX,USW00023174,71.0,54.0
2026-02-08,LAX,USW00023174,82.0,53.0
2026-02-09,LAX,USW00023174,77.0,53.0
2026-02-10,LAX,USW00023174,65.0,57.0
2026-02-11,LAX,USW00023174,64.0,54.0
2026-02-12,LAX,USW00023174,64.0,50.0
2026-02-13,LAX,USW00023174,68.0,48.0
2026-02-14,LAX,USW00023174,68.0,52.0
2026-02-15,LAX,USW00023174,63.0,52.0
2026-02-16,LAX,USW00023174,58.0,48.0
2026-02-17,LAX,USW00023174,60.0,48.0
2026-02-18,LAX,USW00023174,58.0,51.0
2026-02-19,LAX,USW00023174,58.0,47.0
2026-02-20,LAX,USW00023174,58.0,41.0
2026-02-21,LAX,USW00023174,69.0,44.0
2026-02-22,LAX,USW00023174,69.0,48.0
2026-02-23,LAX,USW00023174,74.0,52.0
2026-02-24,LAX,USW00023174,76.0,53.0
2026-02-25,LAX,USW00023174,70.0,53.0
2026-02-26,LAX,USW00023174,73.0,55.0
2026-02-27,LAX,USW00023174,86.0,59.0
2026-02-28,LAX,USW00023174,79.0,61.0
2026-03-01,LAX,USW00023174,78.0,57.0
2026-03-02,LAX,USW00023174,65.0,56.0
2026-03-03,LAX,USW00023174,67.0,55.0
2026-03-04,LAX,USW00023174,65.0,54.0
2026-03-05,LAX,USW00023174,76.0,51.0
2026-03-06,LAX,USW00023174,73.0,52.0
2026-03-07,LAX,USW00023174,78.0,58.0
2026-03-08,LAX,USW00023174,88.0,59.0
2026-03-09,LAX,USW00023174,70.0,56.0
2026-03-10,LAX,USW00023174,67.0,57.0
2026-03-11,LAX,USW00023174,67.0,53.0
2026-03-12,LAX,USW00023174,84.0,57.0
2026-03-13,LAX,USW00023174,88.0,62.0
2026-03-14,LAX,USW00023174,79.0,56.0
2026-03-15,LAX,USW00023174,69.0,57.0
2026-03-16,LAX,USW00023174,71.0,57.0
2026-03-17,LAX,USW00023174,92.0,59.0
2026-03-18,LAX,USW00023174,82.0,63.0
2026-03-19,LAX,USW00023174,83.0,62.0
2026-03-20,LAX,USW00023174,85.0,63.0
2026-03-21,LAX,USW00023174,74.0,60.0
2026-03-22,LAX,USW00023174,70.0,60.0
2026-03-23,LAX,USW00023174,71.0,59.0
2026-03-24,LAX,USW00023174,70.0,61.0
2026-03-25,LAX,USW00023174,68.0,59.0
2026-03-26,LAX,USW00023174,73.0,59.0
2026-03-27,LAX,USW00023174,71.0,59.0
2026-03-28,LAX,USW00023174,68.0,58.0
2026-03-29,LAX,USW00023174,73.0,57.0
2026-03-30,LAX,USW00023174,70.0,56.0
2026-03-31,LAX,USW00023174,69.0,62.0
2026-04-01,LAX,USW00023174,68.0,59.0
2026-04-02,LAX,USW00023174,68.0,59.0
2026-04-03,LAX,USW00023174,78.0,56.0
2026-04-04,LAX,USW00023174,87.0,56.0
2026-04-05,LAX,USW00023174,78.0,57.0
2026-04-06,LAX,USW00023174,78.0,61.0
2026-04-07,LAX,USW00023174,70.0,58.0
2026-04-08,LAX,USW00023174,71.0,58.0
2026-04-09,LAX,USW00023174,72.0,60.0
2026-04-10,LAX,USW00023174,67.0,59.0
2026-04-11,LAX,USW00023174,69.0,59.0
2026-04-12,LAX,USW00023174,69.0,58.0
2026-04-13,LAX,USW00023174,66.0,56.0
2026-04-14,LAX,USW00023174,69.0,52.0
2026-04-15,LAX,USW00023174,70.0,55.0
2026-04-16,LAX,USW00023174,70.0,56.0
2026-04-17,LAX,USW00023174,73.0,56.0
2026-04-18,LAX,USW00023174,76.0,58.0
2026-04-19,LAX,USW00023174,72.0,59.0
2026-04-20,LAX,USW00023174,70.0,56.0
2026-04-21,LAX,USW00023174,70.0,56.0
2026-04-22,LAX,USW00023174,67.0,55.0
2026-04-23,LAX,USW00023174,72.0,54.0
2026-04-24,LAX,USW00023174,74.0,57.0
2026-04-25,LAX,USW00023174,66.0,55.0
2026-04-26,LAX,USW00023174,66.0,55.0
2026-04-27,LAX,USW00023174,66.0,58.0
2026-04-28,LAX,USW00023174,69.0,53.0
2026-04-29,LAX,USW00023174,70.0,54.0
2026-04-30,LAX,USW00023174,70.0,60.0
2026-05-01,LAX,USW00023174,70.0,58.0
2026-05-02,LAX,USW00023174,68.0,58.0
2026-05-03,LAX,USW00023174,67.0,59.0
2026-05-04,LAX,USW00023174,68.0,58.0
2026-02-06,DEN,USW00003017,66.0,30.0
2026-02-07,DEN,USW00003017,65.0,36.0
2026-02-08,DEN,USW00003017,65.0,36.0
2026-02-09,DEN,USW00003017,71.0,39.0
2026-02-10,DEN,USW00003017,46.0,24.0
2026-02-11,DEN,USW00003017,57.0,25.0
2026-02-12,DEN,USW00003017,60.0,30.0
2026-02-13,DEN,USW00003017,56.0,28.0
2026-02-14,DEN,USW00003017,56.0,28.0
2026-02-15,DEN,USW00003017,68.0,25.0
2026-02-16,DEN,USW00003017,70.0,27.0
2026-02-17,DEN,USW00003017,56.0,27.0
2026-02-18,DEN,USW00003017,54.0,20.0
2026-02-19,DEN,USW00003017,36.0,14.0
2026-02-20,DEN,USW00003017,28.0,5.0
2026-02-21,DEN,USW00003017,46.0,12.0
2026-02-22,DEN,USW00003017,53.0,11.0
2026-02-23,DEN,USW00003017,67.0,15.0
2026-02-24,DEN,USW00003017,71.0,33.0
2026-02-25,DEN,USW00003017,67.0,36.0
2026-02-26,DEN,USW00003017,63.0,34.0
2026-02-27,DEN,USW00003017,66.0,32.0
2026-02-28,DEN,USW00003017,67.0,39.0
2026-03-01,DEN,USW00003017,64.0,36.0
2026-03-02,DEN,USW00003017,70.0,39.0
2026-03-03,DEN,USW00003017,50.0,33.0
2026-03-04,DEN,USW00003017,62.0,29.0
2026-03-05,DEN,USW00003017,69.0,36.0
2026-03-06,DEN,USW00003017,40.0,27.0
2026-03-07,DEN,USW00003017,48.0,10.0
2026-03-08,DEN,USW00003017,65.0,34.0
2026-03-09,DEN,USW00003017,73.0,41.0
2026-03-10,DEN,USW00003017,63.0,32.0
2026-03-11,DEN,USW00003017,47.0,23.0
2026-03-12,DEN,USW00003017,66.0,31.0
2026-03-13,DEN,USW00003017,66.0,41.0
2026-03-14,DEN,USW00003017,74.0,47.0
2026-03-15,DEN,USW00003017,47.0,11.0
2026-03-16,DEN,USW00003017,52.0,5.0
2026-03-17,DEN,USW00003017,73.0,33.0
2026-03-18,DEN,USW00003017,81.0,46.0
2026-03-19,DEN,USW00003017,85.0,39.0
2026-03-20,DEN,USW00003017,85.0,46.0
2026-03-21,DEN,USW00003017,86.0,42.0
2026-03-22,DEN,USW00003017,68.0,37.0
2026-03-23,DEN,USW00003017,67.0,42.0
2026-03-24,DEN,USW00003017,81.0,44.0
2026-03-25,DEN,USW00003017,87.0,54.0
2026-03-26,DEN,USW00003017,71.0,40.0
2026-03-27,DEN,USW00003017,55.0,37.0
2026-03-28,DEN,USW00003017,82.0,33.0
2026-03-29,DEN,USW00003017,79.0,51.0
2026-03-30,DEN,USW00003017,81.0,51.0
2026-03-31,DEN,USW00003017,58.0,37.0
2026-04-01,DEN,USW00003017,55.0,36.0
2026-04-02,DEN,USW00003017,71.0,32.0
2026-04-03,DEN,USW00003017,54.0,28.0
2026-04-04,DEN,USW00003017,59.0,24.0
2026-04-05,DEN,USW00003017,67.0,31.0
2026-04-06,DEN,USW00003017,66.0,34.0
2026-04-07,DEN,USW00003017,72.0,25.0
2026-04-08,DEN,USW00003017,68.0,42.0
2026-04-09,DEN,USW00003017,73.0,38.0
2026-04-10,DEN,USW00003017,63.0,31.0
2026-04-11,DEN,USW00003017,77.0,44.0
2026-04-12,DEN,USW00003017,76.0,38.0
2026-04-13,DEN,USW00003017,73.0,46.0
2026-04-14,DEN,USW00003017,61.0,38.0
2026-04-15,DEN,USW00003017,67.0,37.0
2026-04-16,DEN,USW00003017,77.0,40.0
2026-04-17,DEN,USW00003017,41.0,22.0
2026-04-18,DEN,USW00003017,56.0,26.0
2026-04-19,DEN,USW00003017,71.0,30.0
2026-04-20,DEN,USW00003017,78.0,38.0
2026-04-21,DEN,USW00003017,84.0,49.0
2026-04-22,DEN,USW00003017,84.0,48.0
2026-04-23,DEN,USW00003017,65.0,37.0
2026-04-24,DEN,USW00003017,72.0,32.0
2026-04-25,DEN,USW00003017,54.0,30.0
2026-04-26,DEN,USW00003017,56.0,35.0
2026-04-27,DEN,USW00003017,53.0,33.0
2026-04-28,DEN,USW00003017,57.0,33.0
2026-04-29,DEN,USW00003017,60.0,37.0
2026-04-30,DEN,USW00003017,48.0,38.0
2026-05-01,DEN,USW00003017,61.0,35.0
2026-05-02,DEN,USW00003017,70.0,37.0
2026-05-03,DEN,USW00003017,75.0,48.0
2026-05-04,DEN,USW00003017,75.0,45.0
2026-02-06,BOS,USW00014739,30.0,20.0
2026-02-07,BOS,USW00014739,28.0,6.0
2026-02-08,BOS,USW00014739,18.0,4.0
2026-02-09,BOS,USW00014739,32.0,11.0
2026-02-10,BOS,USW00014739,34.0,20.0
2026-02-11,BOS,USW00014739,41.0,28.0
2026-02-12,BOS,USW00014739,36.0,25.0
2026-02-13,BOS,USW00014739,40.0,22.0
2026-02-14,BOS,USW00014739,36.0,28.0
2026-02-15,BOS,USW00014739,32.0,26.0
2026-02-16,BOS,USW00014739,36.0,26.0
2026-02-17,BOS,USW00014739,38.0,28.0
2026-02-18,BOS,USW00014739,40.0,31.0
2026-02-19,BOS,USW00014739,37.0,30.0
2026-02-20,BOS,USW00014739,36.0,29.0
2026-02-21,BOS,USW00014739,33.0,28.0
2026-02-22,BOS,USW00014739,35.0,29.0
2026-02-23,BOS,USW00014739,34.0,23.0
2026-02-24,BOS,USW00014739,33.0,22.0
2026-02-25,BOS,USW00014739,39.0,17.0
2026-02-26,BOS,USW00014739,43.0,30.0
2026-02-27,BOS,USW00014739,38.0,25.0
2026-02-28,BOS,USW00014739,49.0,27.0
2026-03-01,BOS,USW00014739,40.0,22.0
2026-03-02,BOS,USW00014739,27.0,12.0
2026-03-03,BOS,USW00014739,33.0,19.0
2026-03-04,BOS,USW00014739,51.0,32.0
2026-03-05,BOS,USW00014739,42.0,31.0
2026-03-06,BOS,USW00014739,35.0,28.0
2026-03-07,BOS,USW00014739,51.0,34.0
2026-03-08,BOS,USW00014739,59.0,46.0
2026-03-09,BOS,USW00014739,68.0,38.0
2026-03-10,BOS,USW00014739,75.0,44.0
2026-03-11,BOS,USW00014739,59.0,39.0
2026-03-12,BOS,USW00014739,60.0,35.0
2026-03-13,BOS,USW00014739,43.0,31.0
2026-03-14,BOS,USW00014739,49.0,34.0
2026-03-15,BOS,USW00014739,40.0,33.0
2026-03-16,BOS,USW00014739,62.0,38.0
2026-03-17,BOS,USW00014739,62.0,28.0
2026-03-18,BOS,USW00014739,36.0,25.0
2026-03-19,BOS,USW00014739,40.0,27.0
2026-03-20,BOS,USW00014739,56.0,34.0
2026-03-21,BOS,USW00014739,53.0,38.0
2026-03-22,BOS,USW00014739,47.0,37.0
2026-03-23,BOS,USW00014739,38.0,33.0
2026-03-24,BOS,USW00014739,43.0,32.0
2026-03-25,BOS,USW00014739,52.0,34.0
2026-03-26,BOS,USW00014739,63.0,41.0
2026-03-27,BOS,USW00014739,55.0,32.0
2026-03-28,BOS,USW00014739,38.0,27.0
2026-03-29,BOS,USW00014739,51.0,29.0
2026-03-30,BOS,USW00014739,67.0,40.0
2026-03-31,BOS,USW00014739,56.0,40.0
2026-04-01,BOS,USW00014739,71.0,40.0
2026-04-02,BOS,USW00014739,42.0,37.0
2026-04-03,BOS,USW00014739,68.0,38.0
2026-04-04,BOS,USW00014739,62.0,38.0
2026-04-05,BOS,USW00014739,57.0,40.0
2026-04-06,BOS,USW00014739,51.0,38.0
2026-04-07,BOS,USW00014739,46.0,33.0
2026-04-08,BOS,USW00014739,40.0,29.0
2026-04-09,BOS,USW00014739,58.0,31.0
2026-04-10,BOS,USW00014739,69.0,37.0
2026-04-11,BOS,USW00014739,60.0,44.0
2026-04-12,BOS,USW00014739,50.0,40.0
2026-04-13,BOS,USW00014739,72.0,44.0
2026-04-14,BOS,USW00014739,78.0,57.0
2026-04-15,BOS,USW00014739,73.0,46.0
2026-04-16,BOS,USW00014739,54.0,45.0
2026-04-17,BOS,USW00014739,57.0,47.0
2026-04-18,BOS,USW00014739,51.0,44.0
2026-04-19,BOS,USW00014739,52.0,39.0
2026-04-20,BOS,USW00014739,53.0,38.0
2026-04-21,BOS,USW00014739,45.0,33.0
2026-04-22,BOS,USW00014739,47.0,38.0
2026-04-23,BOS,USW00014739,66.0,42.0
2026-04-24,BOS,USW00014739,50.0,40.0
2026-04-25,BOS,USW00014739,49.0,37.0
2026-04-26,BOS,USW00014739,55.0,43.0
2026-04-27,BOS,USW00014739,58.0,44.0
2026-04-28,BOS,USW00014739,52.0,43.0
2026-04-29,BOS,USW00014739,50.0,45.0
2026-04-30,BOS,USW00014739,56.0,46.0
2026-05-01,BOS,USW00014739,65.0,47.0
2026-05-02,BOS,USW00014739,55.0,48.0
2026-05-03,BOS,USW00014739,55.0,44.0
2026-05-04,BOS,USW00014739,73.0,46.0
2026-02-06,AUS,USW00013904,83.0,33.0
2026-02-07,AUS,USW00013904,84.0,36.0
2026-02-08,AUS,USW00013904,80.0,39.0
2026-02-09,AUS,USW00013904,85.0,40.0
2026-02-10,AUS,USW00013904,69.0,60.0
2026-02-11,AUS,USW00013904,76.0,49.0
2026-02-12,AUS,USW00013904,81.0,44.0
2026-02-13,AUS,USW00013904,82.0,53.0
2026-02-14,AUS,USW00013904,75.0,52.0
2026-02-15,AUS,USW00013904,74.0,49.0
2026-02-16,AUS,USW00013904,78.0,41.0
2026-02-17,AUS,USW00013904,84.0,56.0
2026-02-18,AUS,USW00013904,77.0,63.0
2026-02-19,AUS,USW00013904,85.0,58.0
2026-02-20,AUS,USW00013904,68.0,53.0
2026-02-21,AUS,USW00013904,74.0,50.0
2026-02-22,AUS,USW00013904,63.0,42.0
2026-02-23,AUS,USW00013904,67.0,28.0
2026-02-24,AUS,USW00013904,75.0,28.0
2026-02-25,AUS,USW00013904,88.0,56.0
2026-02-26,AUS,USW00013904,85.0,47.0
2026-02-27,AUS,USW00013904,87.0,51.0
2026-02-28,AUS,USW00013904,87.0,46.0
2026-03-01,AUS,USW00013904,86.0,65.0
2026-03-02,AUS,USW00013904,86.0,64.0
2026-03-03,AUS,USW00013904,89.0,66.0
2026-03-04,AUS,USW00013904,88.0,71.0
2026-03-05,AUS,USW00013904,88.0,71.0
2026-03-06,AUS,USW00013904,86.0,70.0
2026-03-07,AUS,USW00013904,77.0,53.0
2026-03-08,AUS,USW00013904,67.0,53.0
2026-03-09,AUS,USW00013904,80.0,61.0
2026-03-10,AUS,USW00013904,85.0,72.0
2026-03-11,AUS,USW00013904,84.0,60.0
2026-03-12,AUS,USW00013904,66.0,37.0
2026-03-13,AUS,USW00013904,81.0,37.0
2026-03-14,AUS,USW00013904,86.0,53.0
2026-03-15,AUS,USW00013904,98.0,52.0
2026-03-16,AUS,USW00013904,56.0,36.0
2026-03-17,AUS,USW00013904,67.0,29.0
2026-03-18,AUS,USW00013904,78.0,35.0
2026-03-19,AUS,USW00013904,86.0,41.0
2026-03-20,AUS,USW00013904,90.0,54.0
2026-03-21,AUS,USW00013904,93.0,49.0
2026-03-22,AUS,USW00013904,93.0,53.0
2026-03-23,AUS,USW00013904,88.0,54.0
2026-03-24,AUS,USW00013904,88.0,53.0
2026-03-25,AUS,USW00013904,90.0,69.0
2026-03-26,AUS,USW00013904,89.0,68.0
2026-03-27,AUS,USW00013904,88.0,60.0
2026-03-28,AUS,USW00013904,74.0,53.0
2026-03-29,AUS,USW00013904,85.0,46.0
2026-03-30,AUS,USW00013904,89.0,65.0
2026-03-31,AUS,USW00013904,90.0,66.0
2026-04-01,AUS,USW00013904,92.0,71.0
2026-04-02,AUS,USW00013904,87.0,65.0
2026-04-03,AUS,USW00013904,84.0,72.0
2026-04-04,AUS,USW00013904,78.0,56.0
2026-04-05,AUS,USW00013904,65.0,51.0
2026-04-06,AUS,USW00013904,74.0,46.0
2026-04-07,AUS,USW00013904,77.0,43.0
2026-04-08,AUS,USW00013904,82.0,52.0
2026-04-09,AUS,USW00013904,84.0,61.0
2026-04-10,AUS,USW00013904,82.0,62.0
2026-04-11,AUS,USW00013904,84.0,67.0
2026-04-12,AUS,USW00013904,80.0,70.0
2026-04-13,AUS,USW00013904,89.0,72.0
2026-04-14,AUS,USW00013904,88.0,71.0
2026-04-15,AUS,USW00013904,86.0,70.0
2026-04-16,AUS,USW00013904,89.0,66.0
2026-04-17,AUS,USW00013904,89.0,70.0
2026-04-18,AUS,USW00013904,74.0,51.0
2026-04-19,AUS,USW00013904,72.0,50.0
2026-04-20,AUS,USW00013904,62.0,55.0
2026-04-21,AUS,USW00013904,64.0,58.0
2026-04-22,AUS,USW00013904,85.0,63.0
2026-04-23,AUS,USW00013904,83.0,68.0
2026-04-24,AUS,USW00013904,90.0,72.0
2026-04-25,AUS,USW00013904,90.0,73.0
2026-04-26,AUS,USW00013904,88.0,73.0
2026-04-27,AUS,USW00013904,89.0,75.0
2026-04-28,AUS,USW00013904,91.0,77.0
2026-04-29,AUS,USW00013904,80.0,63.0
2026-04-30,AUS,USW00013904,72.0,61.0
2026-05-01,AUS,USW00013904,64.0,51.0
2026-05-02,AUS,USW00013904,75.0,49.0
2026-05-03,AUS,USW00013904,80.0,47.0
2026-05-04,AUS,USW00013904,83.0,56.0
2026-02-06,PHIL,USW00013739,33.0,20.0
2026-02-07,PHIL,USW00013739,31.0,10.0
2026-02-08,PHIL,USW00013739,20.0,8.0
2026-02-09,PHIL,USW00013739,31.0,11.0
2026-02-10,PHIL,USW00013739,40.0,21.0
2026-02-11,PHIL,USW00013739,46.0,31.0
2026-02-12,PHIL,USW00013739,38.0,29.0
2026-02-13,PHIL,USW00013739,38.0,25.0
2026-02-14,PHIL,USW00013739,50.0,25.0
2026-02-15,PHIL,USW00013739,45.0,30.0
2026-02-16,PHIL,USW00013739,41.0,34.0
2026-02-17,PHIL,USW00013739,42.0,35.0
2026-02-18,PHIL,USW00013739,47.0,34.0
2026-02-19,PHIL,USW00013739,45.0,38.0
2026-02-20,PHIL,USW00013739,46.0,38.0
2026-02-21,PHIL,USW00013739,52.0,35.0
2026-02-22,PHIL,USW00013739,41.0,32.0
2026-02-23,PHIL,USW00013739,39.0,31.0
2026-02-24,PHIL,USW00013739,35.0,28.0
2026-02-25,PHIL,USW00013739,47.0,30.0
2026-02-26,PHIL,USW00013739,49.0,31.0
2026-02-27,PHIL,USW00013739,53.0,28.0
2026-02-28,PHIL,USW00013739,60.0,29.0
2026-03-01,PHIL,USW00013739,49.0,33.0
2026-03-02,PHIL,USW00013739,35.0,26.0
2026-03-03,PHIL,USW00013739,42.0,33.0
2026-03-04,PHIL,USW00013739,50.0,40.0
2026-03-05,PHIL,USW00013739,49.0,42.0
2026-03-06,PHIL,USW00013739,45.0,40.0
2026-03-07,PHIL,USW00013739,53.0,39.0
2026-03-08,PHIL,USW00013739,73.0,46.0
2026-03-09,PHIL,USW00013739,75.0,40.0
2026-03-10,PHIL,USW00013739,83.0,40.0
2026-03-11,PHIL,USW00013739,83.0,52.0
2026-03-12,PHIL,USW00013739,69.0,35.0
2026-03-13,PHIL,USW00013739,49.0,31.0
2026-03-14,PHIL,USW00013739,57.0,36.0
2026-03-15,PHIL,USW00013739,52.0,39.0
2026-03-16,PHIL,USW00013739,68.0,41.0
2026-03-17,PHIL,USW00013739,43.0,32.0
2026-03-18,PHIL,USW00013739,40.0,28.0
2026-03-19,PHIL,USW00013739,50.0,33.0
2026-03-20,PHIL,USW00013739,67.0,38.0
2026-03-21,PHIL,USW00013739,62.0,45.0
2026-03-22,PHIL,USW00013739,75.0,45.0
2026-03-23,PHIL,USW00013739,58.0,37.0
2026-03-24,PHIL,USW00013739,50.0,33.0
2026-03-25,PHIL,USW00013739,57.0,38.0
2026-03-26,PHIL,USW00013739,78.0,49.0
2026-03-27,PHIL,USW00013739,70.0,40.0
2026-03-28,PHIL,USW00013739,48.0,33.0
2026-03-29,PHIL,USW00013739,60.0,31.0
2026-03-30,PHIL,USW00013739,72.0,48.0
2026-03-31,PHIL,USW00013739,81.0,62.0
2026-04-01,PHIL,USW00013739,84.0,58.0
2026-04-02,PHIL,USW00013739,58.0,43.0
2026-04-03,PHIL,USW00013739,71.0,44.0
2026-04-04,PHIL,USW00013739,84.0,48.0
2026-04-05,PHIL,USW00013739,73.0,48.0
2026-04-06,PHIL,USW00013739,59.0,43.0
2026-04-07,PHIL,USW00013739,56.0,38.0
2026-04-08,PHIL,USW00013739,55.0,31.0
2026-04-09,PHIL,USW00013739,61.0,35.0
2026-04-10,PHIL,USW00013739,72.0,43.0
2026-04-11,PHIL,USW00013739,67.0,51.0
2026-04-12,PHIL,USW00013739,67.0,44.0
2026-04-13,PHIL,USW00013739,80.0,50.0
2026-04-14,PHIL,USW00013739,88.0,60.0
2026-04-15,PHIL,USW00013739,91.0,62.0
2026-04-16,PHIL,USW00013739,91.0,65.0
2026-04-17,PHIL,USW00013739,83.0,67.0
2026-04-18,PHIL,USW00013739,78.0,53.0
2026-04-19,PHIL,USW00013739,57.0,44.0
2026-04-20,PHIL,USW00013739,55.0,40.0
2026-04-21,PHIL,USW00013739,58.0,34.0
2026-04-22,PHIL,USW00013739,66.0,47.0
2026-04-23,PHIL,USW00013739,79.0,48.0
2026-04-24,PHIL,USW00013739,80.0,52.0
2026-04-25,PHIL,USW00013739,56.0,44.0
2026-04-26,PHIL,USW00013739,61.0,44.0
2026-04-27,PHIL,USW00013739,73.0,42.0
2026-04-28,PHIL,USW00013739,64.0,46.0
2026-04-29,PHIL,USW00013739,66.0,50.0
2026-04-30,PHIL,USW00013739,66.0,50.0
2026-05-01,PHIL,USW00013739,66.0,47.0
2026-05-02,PHIL,USW00013739,63.0,52.0
2026-05-03,PHIL,USW00013739,62.0,47.0
2026-05-04,PHIL,USW00013739,76.0,49.0
2026-02-06,HOU,USW00012918,79.0,48.0
2026-02-07,HOU,USW00012918,72.0,49.0
2026-02-08,HOU,USW00012918,78.0,50.0
2026-02-09,HOU,USW00012918,79.0,54.0
2026-02-10,HOU,USW00012918,78.0,60.0
2026-02-11,HOU,USW00012918,77.0,62.0
2026-02-12,HOU,USW00012918,80.0,54.0
2026-02-13,HOU,USW00012918,78.0,62.0
2026-02-14,HOU,USW00012918,75.0,58.0
2026-02-15,HOU,USW00012918,71.0,56.0
2026-02-16,HOU,USW00012918,71.0,50.0
2026-02-17,HOU,USW00012918,79.0,54.0
2026-02-18,HOU,USW00012918,80.0,62.0
2026-02-19,HOU,USW00012918,82.0,69.0
2026-02-20,HOU,USW00012918,82.0,69.0
2026-02-21,HOU,USW00012918,80.0,59.0
2026-02-22,HOU,USW00012918,65.0,48.0
2026-02-23,HOU,USW00012918,65.0,44.0
2026-02-24,HOU,USW00012918,70.0,39.0
2026-02-25,HOU,USW00012918,78.0,60.0
2026-02-26,HOU,USW00012918,80.0,68.0
2026-02-27,HOU,USW00012918,86.0,61.0
2026-02-28,HOU,USW00012918,80.0,55.0
2026-03-01,HOU,USW00012918,79.0,62.0
2026-03-02,HOU,USW00012918,81.0,61.0
2026-03-03,HOU,USW00012918,82.0,68.0
2026-03-04,HOU,USW00012918,82.0,68.0
2026-03-05,HOU,USW00012918,82.0,70.0
2026-03-06,HOU,USW00012918,84.0,72.0
2026-03-07,HOU,USW00012918,85.0,70.0
2026-03-08,HOU,USW00012918,71.0,67.0
2026-03-09,HOU,USW00012918,84.0,69.0
2026-03-10,HOU,USW00012918,85.0,74.0
2026-03-11,HOU,USW00012918,81.0,65.0
2026-03-12,HOU,USW00012918,67.0,50.0
2026-03-13,HOU,USW00012918,75.0,48.0
2026-03-14,HOU,USW00012918,79.0,58.0
2026-03-15,HOU,USW00012918,82.0,62.0
2026-03-16,HOU,USW00012918,62.0,43.0
2026-03-17,HOU,USW00012918,60.0,37.0
2026-03-18,HOU,USW00012918,72.0,43.0
2026-03-19,HOU,USW00012918,80.0,52.0
2026-03-20,HOU,USW00012918,83.0,55.0
2026-03-21,HOU,USW00012918,86.0,63.0
2026-03-22,HOU,USW00012918,84.0,64.0
2026-03-23,HOU,USW00012918,84.0,61.0
2026-03-24,HOU,USW00012918,82.0,66.0
2026-03-25,HOU,USW00012918,83.0,65.0
2026-03-26,HOU,USW00012918,83.0,63.0
2026-03-27,HOU,USW00012918,86.0,62.0
2026-03-28,HOU,USW00012918,75.0,62.0
2026-03-29,HOU,USW00012918,83.0,59.0
2026-03-30,HOU,USW00012918,83.0,63.0
2026-03-31,HOU,USW00012918,84.0,66.0
2026-04-01,HOU,USW00012918,84.0,72.0
2026-04-02,HOU,USW00012918,82.0,74.0
2026-04-03,HOU,USW00012918,85.0,74.0
2026-04-04,HOU,USW00012918,82.0,63.0
2026-04-05,HOU,USW00012918,67.0,60.0
2026-04-06,HOU,USW00012918,74.0,57.0
2026-04-07,HOU,USW00012918,75.0,56.0
2026-04-08,HOU,USW00012918,80.0,61.0
2026-04-09,HOU,USW00012918,81.0,66.0
2026-04-10,HOU,USW00012918,78.0,71.0
2026-04-11,HOU,USW00012918,81.0,70.0
2026-04-12,HOU,USW00012918,80.0,72.0
2026-04-13,HOU,USW00012918,81.0,72.0
2026-04-14,HOU,USW00012918,84.0,69.0
2026-04-15,HOU,USW00012918,84.0,71.0
2026-04-16,HOU,USW00012918,85.0,71.0
2026-04-17,HOU,USW00012918,85.0,69.0
2026-04-18,HOU,USW00012918,85.0,58.0
2026-04-19,HOU,USW00012918,70.0,52.0
2026-04-20,HOU,USW00012918,73.0,62.0
2026-04-21,HOU,USW00012918,68.0,61.0
2026-04-22,HOU,USW00012918,82.0,65.0
2026-04-23,HOU,USW00012918,83.0,69.0
2026-04-24,HOU,USW00012918,84.0,70.0
2026-04-25,HOU,USW00012918,88.0,73.0
2026-04-26,HOU,USW00012918,86.0,75.0
2026-04-27,HOU,USW00012918,88.0,77.0
2026-04-28,HOU,USW00012918,88.0,76.0
2026-04-29,HOU,USW00012918,87.0,75.0
2026-04-30,HOU,USW00012918,89.0,68.0
2026-05-01,HOU,USW00012918,68.0,57.0
2026-05-02,HOU,USW00012918,76.0,54.0
2026-05-03,HOU,USW00012918,79.0,57.0
2026-02-06,ATL,USW00013874,65.0,30.0
2026-02-07,ATL,USW00013874,55.0,36.0
2026-02-08,ATL,USW00013874,61.0,30.0
2026-02-09,ATL,USW00013874,68.0,40.0
2026-02-10,ATL,USW00013874,70.0,47.0
2026-02-11,ATL,USW00013874,65.0,48.0
2026-02-12,ATL,USW00013874,65.0,39.0
2026-02-13,ATL,USW00013874,63.0,43.0
2026-02-14,ATL,USW00013874,62.0,38.0
2026-02-15,ATL,USW00013874,60.0,47.0
2026-02-16,ATL,USW00013874,69.0,48.0
2026-02-17,ATL,USW00013874,69.0,44.0
2026-02-18,ATL,USW00013874,69.0,52.0
2026-02-19,ATL,USW00013874,79.0,60.0
2026-02-20,ATL,USW00013874,80.0,64.0
2026-02-21,ATL,USW00013874,66.0,54.0
2026-02-22,ATL,USW00013874,58.0,32.0
2026-02-23,ATL,USW00013874,40.0,28.0
2026-02-24,ATL,USW00013874,54.0,24.0
2026-02-25,ATL,USW00013874,63.0,41.0
2026-02-26,ATL,USW00013874,64.0,59.0
2026-02-27,ATL,USW00013874,69.0,54.0
2026-02-28,ATL,USW00013874,71.0,51.0
2026-03-01,ATL,USW00013874,78.0,47.0
2026-03-02,ATL,USW00013874,77.0,51.0
2026-03-03,ATL,USW00013874,63.0,49.0
2026-03-04,ATL,USW00013874,75.0,53.0
2026-03-05,ATL,USW00013874,81.0,59.0
2026-03-06,ATL,USW00013874,83.0,60.0
2026-03-07,ATL,USW00013874,83.0,62.0
2026-03-08,ATL,USW00013874,69.0,62.0
2026-03-09,ATL,USW00013874,78.0,59.0
2026-03-10,ATL,USW00013874,81.0,60.0
2026-03-11,ATL,USW00013874,82.0,64.0
2026-03-12,ATL,USW00013874,71.0,45.0
2026-03-13,ATL,USW00013874,68.0,41.0
2026-03-14,ATL,USW00013874,78.0,48.0
2026-03-15,ATL,USW00013874,72.0,55.0
2026-03-16,ATL,USW00013874,69.0,34.0
2026-03-17,ATL,USW00013874,48.0,29.0
2026-03-18,ATL,USW00013874,57.0,33.0
2026-03-19,ATL,USW00013874,69.0,39.0
2026-03-20,ATL,USW00013874,77.0,46.0
2026-03-21,ATL,USW00013874,84.0,59.0
2026-03-22,ATL,USW00013874,84.0,59.0
2026-03-23,ATL,USW00013874,81.0,55.0
2026-03-24,ATL,USW00013874,70.0,51.0
2026-03-25,ATL,USW00013874,69.0,51.0
2026-03-26,ATL,USW00013874,80.0,54.0
2026-03-27,ATL,USW00013874,84.0,60.0
2026-03-28,ATL,USW00013874,70.0,49.0
2026-03-29,ATL,USW00013874,65.0,45.0
2026-03-30,ATL,USW00013874,73.0,59.0
2026-03-31,ATL,USW00013874,84.0,62.0
2026-04-01,ATL,USW00013874,84.0,61.0
2026-04-02,ATL,USW00013874,83.0,61.0
2026-04-03,ATL,USW00013874,83.0,62.0
2026-04-04,ATL,USW00013874,85.0,65.0
2026-04-05,ATL,USW00013874,71.0,56.0
2026-04-06,ATL,USW00013874,67.0,50.0
2026-04-07,ATL,USW00013874,78.0,54.0
2026-04-08,ATL,USW00013874,70.0,53.0
2026-04-09,ATL,USW00013874,72.0,47.0
2026-04-10,ATL,USW00013874,78.0,51.0
2026-04-11,ATL,USW00013874,85.0,54.0
2026-04-12,ATL,USW00013874,86.0,56.0
2026-04-13,ATL,USW00013874,83.0,60.0
2026-04-14,ATL,USW00013874,86.0,60.0
2026-04-15,ATL,USW00013874,85.0,60.0
2026-04-16,ATL,USW00013874,85.0,63.0
2026-04-17,ATL,USW00013874,90.0,64.0
2026-04-18,ATL,USW00013874,84.0,64.0
2026-04-19,ATL,USW00013874,69.0,49.0
2026-04-20,ATL,USW00013874,77.0,44.0
2026-04-21,ATL,USW00013874,79.0,53.0
2026-04-22,ATL,USW00013874,83.0,60.0
2026-04-23,ATL,USW00013874,83.0,58.0
2026-04-24,ATL,USW00013874,84.0,61.0
2026-04-25,ATL,USW00013874,75.0,64.0
2026-04-26,ATL,USW00013874,84.0,62.0
2026-04-27,ATL,USW00013874,76.0,62.0
2026-04-28,ATL,USW00013874,67.0,58.0
2026-04-29,ATL,USW00013874,83.0,63.0
2026-04-30,ATL,USW00013874,75.0,60.0
2026-05-01,ATL,USW00013874,66.0,57.0
2026-05-02,ATL,USW00013874,72.0,53.0
2026-05-03,ATL,USW00013874,72.0,47.0
2026-05-04,ATL,USW00013874,78.0,50.0
2026-02-06,PHX,USW00023183,84.0,59.0
2026-02-07,PHX,USW00023183,83.0,57.0
2026-02-08,PHX,USW00023183,86.0,56.0
2026-02-09,PHX,USW00023183,85.0,55.0
2026-02-10,PHX,USW00023183,80.0,58.0
2026-02-11,PHX,USW00023183,80.0,60.0
2026-02-12,PHX,USW00023183,81.0,56.0
2026-02-13,PHX,USW00023183,70.0,59.0
2026-02-14,PHX,USW00023183,74.0,51.0
2026-02-15,PHX,USW00023183,78.0,52.0
2026-02-16,PHX,USW00023183,77.0,57.0
2026-02-17,PHX,USW00023183,70.0,54.0
2026-02-18,PHX,USW00023183,68.0,52.0
2026-02-19,PHX,USW00023183,66.0,45.0
2026-02-20,PHX,USW00023183,64.0,52.0
2026-02-21,PHX,USW00023183,73.0,43.0
2026-02-22,PHX,USW00023183,81.0,53.0
2026-02-23,PHX,USW00023183,85.0,57.0
2026-02-24,PHX,USW00023183,84.0,56.0
2026-02-25,PHX,USW00023183,88.0,59.0
2026-02-26,PHX,USW00023183,88.0,61.0
2026-02-27,PHX,USW00023183,92.0,62.0
2026-02-28,PHX,USW00023183,92.0,64.0
2026-03-01,PHX,USW00023183,93.0,63.0
2026-03-02,PHX,USW00023183,93.0,64.0
2026-03-03,PHX,USW00023183,86.0,61.0
2026-03-04,PHX,USW00023183,85.0,60.0
2026-03-05,PHX,USW00023183,81.0,58.0
2026-03-06,PHX,USW00023183,73.0,53.0
2026-03-07,PHX,USW00023183,82.0,54.0
2026-03-08,PHX,USW00023183,89.0,56.0
2026-03-09,PHX,USW00023183,81.0,62.0
2026-03-10,PHX,USW00023183,77.0,57.0
2026-03-11,PHX,USW00023183,84.0,58.0
2026-03-12,PHX,USW00023183,92.0,61.0
2026-03-13,PHX,USW00023183,93.0,63.0
2026-03-14,PHX,USW00023183,92.0,63.0
2026-03-15,PHX,USW00023183,92.0,62.0
2026-03-16,PHX,USW00023183,93.0,63.0
2026-03-17,PHX,USW00023183,96.0,69.0
2026-03-18,PHX,USW00023183,102.0,68.0
2026-03-19,PHX,USW00023183,105.0,69.0
2026-03-20,PHX,USW00023183,105.0,69.0
2026-03-21,PHX,USW00023183,105.0,70.0
2026-03-22,PHX,USW00023183,102.0,66.0
2026-03-23,PHX,USW00023183,100.0,69.0
2026-03-24,PHX,USW00023183,100.0,70.0
2026-03-25,PHX,USW00023183,100.0,68.0
2026-03-26,PHX,USW00023183,99.0,67.0
2026-03-27,PHX,USW00023183,102.0,69.0
2026-03-28,PHX,USW00023183,96.0,75.0
2026-03-29,PHX,USW00023183,96.0,72.0
2026-03-30,PHX,USW00023183,95.0,73.0
2026-03-31,PHX,USW00023183,90.0,76.0
2026-04-01,PHX,USW00023183,86.0,69.0
2026-04-02,PHX,USW00023183,87.0,65.0
2026-04-03,PHX,USW00023183,88.0,64.0
2026-04-04,PHX,USW00023183,91.0,61.0
2026-04-05,PHX,USW00023183,96.0,68.0
2026-04-06,PHX,USW00023183,87.0,73.0
2026-04-07,PHX,USW00023183,93.0,65.0
2026-04-08,PHX,USW00023183,98.0,68.0
2026-04-09,PHX,USW00023183,96.0,69.0
2026-04-10,PHX,USW00023183,92.0,69.0
2026-04-11,PHX,USW00023183,92.0,72.0
2026-04-12,PHX,USW00023183,83.0,67.0
2026-04-13,PHX,USW00023183,81.0,66.0
2026-04-14,PHX,USW00023183,79.0,60.0
2026-04-15,PHX,USW00023183,87.0,60.0
2026-04-16,PHX,USW00023183,89.0,64.0
2026-04-17,PHX,USW00023183,87.0,63.0
2026-04-18,PHX,USW00023183,91.0,62.0
2026-04-19,PHX,USW00023183,97.0,67.0
2026-04-20,PHX,USW00023183,96.0,70.0
2026-04-21,PHX,USW00023183,96.0,70.0
2026-04-22,PHX,USW00023183,90.0,69.0
2026-04-23,PHX,USW00023183,87.0,67.0
2026-04-24,PHX,USW00023183,90.0,64.0
2026-04-25,PHX,USW00023183,85.0,68.0
2026-04-26,PHX,USW00023183,79.0,66.0
2026-04-27,PHX,USW00023183,83.0,61.0
2026-04-28,PHX,USW00023183,87.0,62.0
2026-04-29,PHX,USW00023183,91.0,65.0
2026-04-30,PHX,USW00023183,93.0,66.0
2026-05-01,PHX,USW00023183,90.0,68.0
2026-05-02,PHX,USW00023183,94.0,71.0
2026-05-03,PHX,USW00023183,98.0,77.0
2026-05-04,PHX,USW00023183,80.0,72.0
2026-02-06,DC,USW00013743,33.0,18.0
2026-02-07,DC,USW00013743,34.0,17.0
2026-02-08,DC,USW00013743,25.0,14.0
2026-02-09,DC,USW00013743,34.0,15.0
2026-02-10,DC,USW00013743,46.0,29.0
2026-02-11,DC,USW00013743,48.0,36.0
2026-02-12,DC,USW00013743,38.0,30.0
2026-02-13,DC,USW00013743,38.0,26.0
2026-02-14,DC,USW00013743,57.0,26.0
2026-02-15,DC,USW00013743,47.0,34.0
2026-02-16,DC,USW00013743,46.0,34.0
2026-02-17,DC,USW00013743,48.0,35.0
2026-02-18,DC,USW00013743,51.0,36.0
2026-02-19,DC,USW00013743,44.0,35.0
2026-02-20,DC,USW00013743,54.0,37.0
2026-02-21,DC,USW00013743,55.0,37.0
2026-02-22,DC,USW00013743,40.0,33.0
2026-02-23,DC,USW00013743,42.0,32.0
2026-02-24,DC,USW00013743,40.0,27.0
2026-02-25,DC,USW00013743,55.0,35.0
2026-02-26,DC,USW00013743,51.0,38.0
2026-02-27,DC,USW00013743,57.0,32.0
2026-02-28,DC,USW00013743,65.0,36.0
2026-03-01,DC,USW00013743,56.0,39.0
2026-03-02,DC,USW00013743,39.0,31.0
2026-03-03,DC,USW00013743,43.0,32.0
2026-03-04,DC,USW00013743,52.0,43.0
2026-03-05,DC,USW00013743,59.0,45.0
2026-03-06,DC,USW00013743,51.0,44.0
2026-03-07,DC,USW00013743,64.0,41.0
2026-03-08,DC,USW00013743,76.0,52.0
2026-03-09,DC,USW00013743,76.0,44.0
2026-03-10,DC,USW00013743,84.0,47.0
2026-03-11,DC,USW00013743,86.0,58.0
2026-03-12,DC,USW00013743,78.0,33.0
2026-03-13,DC,USW00013743,56.0,32.0
2026-03-14,DC,USW00013743,61.0,48.0
2026-03-15,DC,USW00013743,59.0,44.0
2026-03-16,DC,USW00013743,69.0,38.0
2026-03-17,DC,USW00013743,43.0,30.0
2026-03-18,DC,USW00013743,41.0,27.0
2026-03-19,DC,USW00013743,57.0,36.0
2026-03-20,DC,USW00013743,71.0,40.0
2026-03-21,DC,USW00013743,71.0,49.0
2026-03-22,DC,USW00013743,78.0,49.0
2026-03-23,DC,USW00013743,68.0,40.0
2026-03-24,DC,USW00013743,52.0,34.0
2026-03-25,DC,USW00013743,61.0,40.0
2026-03-26,DC,USW00013743,80.0,49.0
2026-03-27,DC,USW00013743,74.0,42.0
2026-03-28,DC,USW00013743,51.0,35.0
2026-03-29,DC,USW00013743,62.0,35.0
2026-03-30,DC,USW00013743,72.0,54.0
2026-03-31,DC,USW00013743,83.0,61.0
2026-04-01,DC,USW00013743,87.0,63.0
2026-04-02,DC,USW00013743,64.0,48.0
2026-04-03,DC,USW00013743,82.0,48.0
2026-04-04,DC,USW00013743,85.0,65.0
2026-04-05,DC,USW00013743,74.0,51.0
2026-04-06,DC,USW00013743,63.0,46.0
2026-04-07,DC,USW00013743,58.0,44.0
2026-04-08,DC,USW00013743,55.0,35.0
2026-04-09,DC,USW00013743,64.0,37.0
2026-04-10,DC,USW00013743,74.0,44.0
2026-04-11,DC,USW00013743,71.0,55.0
2026-04-12,DC,USW00013743,71.0,49.0
2026-04-13,DC,USW00013743,82.0,58.0
2026-04-14,DC,USW00013743,87.0,61.0
2026-04-15,DC,USW00013743,90.0,64.0
2026-04-16,DC,USW00013743,90.0,66.0
2026-04-17,DC,USW00013743,81.0,68.0
2026-04-18,DC,USW00013743,81.0,60.0
2026-04-19,DC,USW00013743,66.0,47.0
2026-04-20,DC,USW00013743,57.0,43.0
2026-04-21,DC,USW00013743,62.0,36.0
2026-04-22,DC,USW00013743,76.0,51.0
2026-04-23,DC,USW00013743,84.0,56.0
2026-04-24,DC,USW00013743,83.0,60.0
2026-04-25,DC,USW00013743,63.0,49.0
2026-04-26,DC,USW00013743,58.0,46.0
2026-04-27,DC,USW00013743,70.0,45.0
2026-04-28,DC,USW00013743,63.0,50.0
2026-04-29,DC,USW00013743,62.0,54.0
2026-04-30,DC,USW00013743,70.0,49.0
2026-05-01,DC,USW00013743,67.0,44.0
2026-05-02,DC,USW00013743,63.0,49.0
2026-05-03,DC,USW00013743,64.0,44.0
2026-05-04,DC,USW00013743,77.0,51.0
2026-02-06,LAS,USW00023169,73.0,56.0
2026-02-07,LAS,USW00023169,73.0,49.0
2026-02-08,LAS,USW00023169,74.0,49.0
2026-02-09,LAS,USW00023169,71.0,51.0
2026-02-10,LAS,USW00023169,65.0,51.0
2026-02-11,LAS,USW00023169,71.0,56.0
2026-02-12,LAS,USW00023169,69.0,54.0
2026-02-13,LAS,USW00023169,68.0,52.0
2026-02-14,LAS,USW00023169,69.0,46.0
2026-02-15,LAS,USW00023169,67.0,51.0
2026-02-16,LAS,USW00023169,68.0,49.0
2026-02-17,LAS,USW00023169,60.0,48.0
2026-02-18,LAS,USW00023169,52.0,40.0
2026-02-19,LAS,USW00023169,49.0,38.0
2026-02-20,LAS,USW00023169,53.0,37.0
2026-02-21,LAS,USW00023169,56.0,35.0
2026-02-22,LAS,USW00023169,64.0,40.0
2026-02-23,LAS,USW00023169,70.0,45.0
2026-02-24,LAS,USW00023169,72.0,49.0
2026-02-25,LAS,USW00023169,77.0,53.0
2026-02-26,LAS,USW00023169,83.0,55.0
2026-02-27,LAS,USW00023169,82.0,58.0
2026-02-28,LAS,USW00023169,83.0,60.0
2026-03-01,LAS,USW00023169,86.0,58.0
2026-03-02,LAS,USW00023169,79.0,64.0
2026-03-03,LAS,USW00023169,73.0,57.0
2026-03-04,LAS,USW00023169,77.0,53.0
2026-03-05,LAS,USW00023169,66.0,55.0
2026-03-06,LAS,USW00023169,65.0,51.0
2026-03-07,LAS,USW00023169,68.0,49.0
2026-03-08,LAS,USW00023169,73.0,47.0
2026-03-09,LAS,USW00023169,78.0,50.0
2026-03-10,LAS,USW00023169,79.0,55.0
2026-03-11,LAS,USW00023169,79.0,59.0
2026-03-12,LAS,USW00023169,82.0,56.0
2026-03-13,LAS,USW00023169,85.0,58.0
2026-03-14,LAS,USW00023169,87.0,61.0
2026-03-15,LAS,USW00023169,81.0,66.0
2026-03-16,LAS,USW00023169,81.0,57.0
2026-03-17,LAS,USW00023169,88.0,60.0
2026-03-18,LAS,USW00023169,94.0,63.0
2026-03-19,LAS,USW00023169,95.0,66.0
2026-03-20,LAS,USW00023169,97.0,67.0
2026-03-21,LAS,USW00023169,96.0,68.0
2026-03-22,LAS,USW00023169,93.0,69.0
2026-03-23,LAS,USW00023169,96.0,66.0
2026-03-24,LAS,USW00023169,96.0,69.0
2026-03-25,LAS,USW00023169,98.0,68.0
2026-03-26,LAS,USW00023169,93.0,69.0
2026-03-27,LAS,USW00023169,90.0,69.0
2026-03-28,LAS,USW00023169,92.0,69.0
2026-03-29,LAS,USW00023169,92.0,67.0
2026-03-30,LAS,USW00023169,88.0,71.0
2026-03-31,LAS,USW00023169,80.0,61.0
2026-04-01,LAS,USW00023169,76.0,60.0
2026-04-02,LAS,USW00023169,75.0,58.0
2026-04-03,LAS,USW00023169,71.0,54.0
2026-04-04,LAS,USW00023169,79.0,54.0
2026-04-05,LAS,USW00023169,84.0,55.0
2026-04-06,LAS,USW00023169,87.0,63.0
2026-04-07,LAS,USW00023169,90.0,62.0
2026-04-08,LAS,USW00023169,91.0,66.0
2026-04-09,LAS,USW00023169,89.0,69.0
2026-04-10,LAS,USW00023169,83.0,68.0
2026-04-11,LAS,USW00023169,78.0,61.0
2026-04-12,LAS,USW00023169,74.0,59.0
2026-04-13,LAS,USW00023169,70.0,54.0
2026-04-14,LAS,USW00023169,75.0,53.0
2026-04-15,LAS,USW00023169,83.0,57.0
2026-04-16,LAS,USW00023169,80.0,62.0
2026-04-17,LAS,USW00023169,69.0,50.0
2026-04-18,LAS,USW00023169,77.0,49.0
2026-04-19,LAS,USW00023169,84.0,56.0
2026-04-20,LAS,USW00023169,90.0,63.0
2026-04-21,LAS,USW00023169,87.0,61.0
2026-04-22,LAS,USW00023169,77.0,56.0
2026-04-23,LAS,USW00023169,77.0,60.0
2026-04-24,LAS,USW00023169,82.0,59.0
2026-04-25,LAS,USW00023169,77.0,57.0
2026-04-26,LAS,USW00023169,68.0,54.0
2026-04-27,LAS,USW00023169,72.0,53.0
2026-04-28,LAS,USW00023169,77.0,55.0
2026-04-29,LAS,USW00023169,82.0,59.0
2026-04-30,LAS,USW00023169,84.0,62.0
2026-05-01,LAS,USW00023169,85.0,64.0
2026-05-02,LAS,USW00023169,86.0,62.0
2026-05-03,LAS,USW00023169,91.0,63.0
2026-05-04,LAS,USW00023169,78.0,62.0
2026-02-06,SAT,USW00012921,82.0,40.0
2026-02-07,SAT,USW00012921,83.0,45.0
2026-02-08,SAT,USW00012921,80.0,45.0
2026-02-09,SAT,USW00012921,83.0,51.0
2026-02-10,SAT,USW00012921,68.0,60.0
2026-02-11,SAT,USW00012921,77.0,58.0
2026-02-12,SAT,USW00012921,78.0,52.0
2026-02-13,SAT,USW00012921,79.0,61.0
2026-02-14,SAT,USW00012921,77.0,54.0
2026-02-15,SAT,USW00012921,77.0,52.0
2026-02-16,SAT,USW00012921,78.0,47.0
2026-02-17,SAT,USW00012921,85.0,58.0
2026-02-18,SAT,USW00012921,76.0,63.0
2026-02-19,SAT,USW00012921,86.0,64.0
2026-02-20,SAT,USW00012921,74.0,60.0
2026-02-21,SAT,USW00012921,76.0,52.0
2026-02-22,SAT,USW00012921,66.0,44.0
2026-02-23,SAT,USW00012921,66.0,41.0
2026-02-24,SAT,USW00012921,75.0,39.0
2026-02-25,SAT,USW00012921,87.0,53.0
2026-02-26,SAT,USW00012921,95.0,56.0
2026-02-27,SAT,USW00012921,86.0,60.0
2026-02-28,SAT,USW00012921,85.0,57.0
2026-03-01,SAT,USW00012921,86.0,67.0
2026-03-02,SAT,USW00012921,86.0,66.0
2026-03-03,SAT,USW00012921,87.0,66.0
2026-03-04,SAT,USW00012921,88.0,71.0
2026-03-05,SAT,USW00012921,87.0,70.0
2026-03-06,SAT,USW00012921,86.0,71.0
2026-03-07,SAT,USW00012921,79.0,56.0
2026-03-08,SAT,USW00012921,63.0,55.0
2026-03-09,SAT,USW00012921,78.0,61.0
2026-03-10,SAT,USW00012921,84.0,71.0
2026-03-11,SAT,USW00012921,85.0,60.0
2026-03-12,SAT,USW00012921,70.0,48.0
2026-03-13,SAT,USW00012921,81.0,45.0
2026-03-14,SAT,USW00012921,88.0,55.0
2026-03-15,SAT,USW00012921,98.0,54.0
2026-03-16,SAT,USW00012921,59.0,42.0
2026-03-17,SAT,USW00012921,66.0,36.0
2026-03-18,SAT,USW00012921,78.0,46.0
2026-03-19,SAT,USW00012921,84.0,51.0
2026-03-20,SAT,USW00012921,90.0,55.0
2026-03-21,SAT,USW00012921,93.0,57.0
2026-03-22,SAT,USW00012921,92.0,59.0
2026-03-23,SAT,USW00012921,86.0,59.0
2026-03-24,SAT,USW00012921,88.0,65.0
2026-03-25,SAT,USW00012921,90.0,69.0
2026-03-26,SAT,USW00012921,89.0,69.0
2026-03-27,SAT,USW00012921,89.0,57.0
2026-03-28,SAT,USW00012921,73.0,56.0
2026-03-29,SAT,USW00012921,84.0,57.0
2026-03-30,SAT,USW00012921,89.0,64.0
2026-03-31,SAT,USW00012921,89.0,68.0
2026-04-01,SAT,USW00012921,91.0,71.0
2026-04-02,SAT,USW00012921,87.0,70.0
2026-04-03,SAT,USW00012921,85.0,72.0
2026-04-04,SAT,USW00012921,79.0,59.0
2026-04-05,SAT,USW00012921,66.0,52.0
2026-04-06,SAT,USW00012921,75.0,49.0
2026-04-07,SAT,USW00012921,78.0,49.0
2026-04-08,SAT,USW00012921,81.0,55.0
2026-04-09,SAT,USW00012921,82.0,65.0
2026-04-10,SAT,USW00012921,82.0,66.0
2026-04-11,SAT,USW00012921,84.0,69.0
2026-04-12,SAT,USW00012921,80.0,70.0
2026-04-13,SAT,USW00012921,90.0,71.0
2026-04-14,SAT,USW00012921,88.0,71.0
2026-04-15,SAT,USW00012921,86.0,70.0
2026-04-16,SAT,USW00012921,88.0,70.0
2026-04-17,SAT,USW00012921,91.0,67.0
2026-04-18,SAT,USW00012921,74.0,49.0
2026-04-19,SAT,USW00012921,65.0,48.0
2026-04-20,SAT,USW00012921,60.0,53.0
2026-04-21,SAT,USW00012921,66.0,60.0
2026-04-22,SAT,USW00012921,85.0,63.0
2026-04-23,SAT,USW00012921,82.0,70.0
2026-04-24,SAT,USW00012921,89.0,73.0
2026-04-25,SAT,USW00012921,88.0,74.0
2026-04-26,SAT,USW00012921,88.0,72.0
2026-04-27,SAT,USW00012921,89.0,75.0
2026-04-28,SAT,USW00012921,92.0,77.0
2026-04-29,SAT,USW00012921,84.0,67.0
2026-04-30,SAT,USW00012921,77.0,62.0
2026-05-01,SAT,USW00012921,67.0,54.0
2026-05-02,SAT,USW00012921,75.0,51.0
2026-05-03,SAT,USW00012921,78.0,50.0
2026-05-04,SAT,USW00012921,81.0,63.0
2026-02-06,MIN,USW00014922,37.0,18.0
2026-02-07,MIN,USW00014922,25.0,12.0
2026-02-08,MIN,USW00014922,32.0,24.0
2026-02-09,MIN,USW00014922,38.0,26.0
2026-02-10,MIN,USW00014922,35.0,25.0
2026-02-11,MIN,USW00014922,37.0,19.0
2026-02-12,MIN,USW00014922,44.0,27.0
2026-02-13,MIN,USW00014922,51.0,28.0
2026-02-14,MIN,USW00014922,54.0,28.0
2026-02-15,MIN,USW00014922,52.0,28.0
2026-02-16,MIN,USW00014922,54.0,36.0
2026-02-17,MIN,USW00014922,51.0,37.0
2026-02-18,MIN,USW00014922,28.0,10.0
2026-02-19,MIN,USW00014922,34.0,26.0
2026-02-20,MIN,USW00014922,30.0,16.0
2026-02-21,MIN,USW00014922,19.0,8.0
2026-02-22,MIN,USW00014922,14.0,6.0
2026-02-23,MIN,USW00014922,21.0,3.0
2026-02-24,MIN,USW00014922,37.0,16.0
2026-02-25,MIN,USW00014922,24.0,10.0
2026-02-26,MIN,USW00014922,42.0,15.0
2026-02-27,MIN,USW00014922,50.0,22.0
2026-02-28,MIN,USW00014922,22.0,17.0
2026-03-01,MIN,USW00014922,30.0,14.0
2026-03-02,MIN,USW00014922,43.0,21.0
2026-03-03,MIN,USW00014922,51.0,34.0
2026-03-04,MIN,USW00014922,49.0,33.0
2026-03-05,MIN,USW00014922,54.0,40.0
2026-03-06,MIN,USW00014922,51.0,39.0
2026-03-07,MIN,USW00014922,39.0,26.0
2026-03-08,MIN,USW00014922,60.0,39.0
2026-03-09,MIN,USW00014922,58.0,38.0
2026-03-10,MIN,USW00014922,43.0,28.0
2026-03-11,MIN,USW00014922,42.0,27.0
2026-03-12,MIN,USW00014922,46.0,25.0
2026-03-13,MIN,USW00014922,44.0,27.0
2026-03-14,MIN,USW00014922,33.0,24.0
2026-03-15,MIN,USW00014922,30.0,17.0
2026-03-16,MIN,USW00014922,18.0,6.0
2026-03-17,MIN,USW00014922,20.0,1.0
2026-03-18,MIN,USW00014922,47.0,20.0
2026-03-19,MIN,USW00014922,52.0,28.0
2026-03-20,MIN,USW00014922,62.0,43.0
2026-03-21,MIN,USW00014922,79.0,44.0
2026-03-22,MIN,USW00014922,46.0,32.0
2026-03-23,MIN,USW00014922,46.0,26.0
2026-03-24,MIN,USW00014922,53.0,39.0
2026-03-25,MIN,USW00014922,72.0,42.0
2026-03-26,MIN,USW00014922,57.0,31.0
2026-03-27,MIN,USW00014922,39.0,24.0
2026-03-28,MIN,USW00014922,59.0,21.0
2026-03-29,MIN,USW00014922,70.0,43.0
2026-03-30,MIN,USW00014922,73.0,40.0
2026-03-31,MIN,USW00014922,55.0,34.0
2026-04-01,MIN,USW00014922,45.0,32.0
2026-04-02,MIN,USW00014922,37.0,31.0
2026-04-03,MIN,USW00014922,41.0,32.0
2026-04-04,MIN,USW00014922,39.0,31.0
2026-04-05,MIN,USW00014922,53.0,29.0
2026-04-06,MIN,USW00014922,42.0,26.0
2026-04-07,MIN,USW00014922,44.0,23.0
2026-04-08,MIN,USW00014922,61.0,37.0
2026-04-09,MIN,USW00014922,49.0,35.0
2026-04-10,MIN,USW00014922,56.0,33.0
2026-04-11,MIN,USW00014922,51.0,37.0
2026-04-12,MIN,USW00014922,81.0,51.0
2026-04-13,MIN,USW00014922,72.0,52.0
2026-04-14,MIN,USW00014922,64.0,49.0
2026-04-15,MIN,USW00014922,68.0,45.0
2026-04-16,MIN,USW00014922,79.0,47.0
2026-04-17,MIN,USW00014922,67.0,35.0
2026-04-18,MIN,USW00014922,46.0,30.0
2026-04-19,MIN,USW00014922,47.0,32.0
2026-04-20,MIN,USW00014922,64.0,31.0
2026-04-21,MIN,USW00014922,78.0,45.0
2026-04-22,MIN,USW00014922,86.0,50.0
2026-04-23,MIN,USW00014922,73.0,54.0
2026-04-24,MIN,USW00014922,61.0,42.0
2026-04-25,MIN,USW00014922,57.0,47.0
2026-04-26,MIN,USW00014922,64.0,44.0
2026-04-27,MIN,USW00014922,58.0,44.0
2026-04-28,MIN,USW00014922,57.0,41.0
2026-04-29,MIN,USW00014922,55.0,38.0
2026-04-30,MIN,USW00014922,52.0,36.0
2026-05-01,MIN,USW00014922,55.0,40.0
2026-05-02,MIN,USW00014922,67.0,39.0
2026-05-03,MIN,USW00014922,71.0,52.0
2026-05-04,MIN,USW00014922,64.0,42.0
2026-02-06,DAL,USW00003927,83.0,42.0
2026-02-07,DAL,USW00003927,74.0,43.0
2026-02-08,DAL,USW00003927,80.0,52.0
2026-02-09,DAL,USW00003927,84.0,50.0
2026-02-10,DAL,USW00003927,75.0,52.0
2026-02-11,DAL,USW00003927,67.0,46.0
2026-02-12,DAL,USW00003927,75.0,46.0
2026-02-13,DAL,USW00003927,78.0,54.0
2026-02-14,DAL,USW00003927,69.0,58.0
2026-02-15,DAL,USW00003927,70.0,53.0
2026-02-16,DAL,USW00003927,73.0,44.0
2026-02-17,DAL,USW00003927,78.0,55.0
2026-02-18,DAL,USW00003927,78.0,57.0
2026-02-19,DAL,USW00003927,77.0,54.0
2026-02-20,DAL,USW00003927,62.0,42.0
2026-02-21,DAL,USW00003927,62.0,43.0
2026-02-22,DAL,USW00003927,57.0,36.0
2026-02-23,DAL,USW00003927,60.0,32.0
2026-02-24,DAL,USW00003927,73.0,40.0
2026-02-25,DAL,USW00003927,82.0,56.0
2026-02-26,DAL,USW00003927,82.0,51.0
2026-02-27,DAL,USW00003927,81.0,50.0
2026-02-28,DAL,USW00003927,84.0,61.0
2026-03-01,DAL,USW00003927,81.0,61.0
2026-03-02,DAL,USW00003927,81.0,60.0
2026-03-03,DAL,USW00003927,84.0,65.0
2026-03-04,DAL,USW00003927,81.0,64.0
2026-03-05,DAL,USW00003927,82.0,65.0
2026-03-06,DAL,USW00003927,82.0,68.0
2026-03-07,DAL,USW00003927,75.0,48.0
2026-03-08,DAL,USW00003927,74.0,45.0
2026-03-09,DAL,USW00003927,85.0,62.0
2026-03-10,DAL,USW00003927,82.0,62.0
2026-03-11,DAL,USW00003927,78.0,51.0
2026-03-12,DAL,USW00003927,63.0,41.0
2026-03-13,DAL,USW00003927,78.0,51.0
2026-03-14,DAL,USW00003927,81.0,57.0
2026-03-15,DAL,USW00003927,87.0,43.0
2026-03-16,DAL,USW00003927,48.0,34.0
2026-03-17,DAL,USW00003927,64.0,35.0
2026-03-18,DAL,USW00003927,74.0,47.0
2026-03-19,DAL,USW00003927,86.0,53.0
2026-03-20,DAL,USW00003927,89.0,58.0
2026-03-21,DAL,USW00003927,91.0,61.0
2026-03-22,DAL,USW00003927,95.0,64.0
2026-03-23,DAL,USW00003927,80.0,58.0
2026-03-24,DAL,USW00003927,84.0,61.0
2026-03-25,DAL,USW00003927,85.0,65.0
2026-03-26,DAL,USW00003927,87.0,67.0
2026-03-27,DAL,USW00003927,74.0,55.0
2026-03-28,DAL,USW00003927,57.0,51.0
2026-03-29,DAL,USW00003927,83.0,48.0
2026-03-30,DAL,USW00003927,85.0,65.0
2026-03-31,DAL,USW00003927,86.0,66.0
2026-04-01,DAL,USW00003927,87.0,69.0
2026-04-02,DAL,USW00003927,84.0,65.0
2026-04-03,DAL,USW00003927,84.0,70.0
2026-04-04,DAL,USW00003927,74.0,53.0
2026-04-05,DAL,USW00003927,70.0,47.0
2026-04-06,DAL,USW00003927,74.0,46.0
2026-04-07,DAL,USW00003927,73.0,51.0
2026-04-08,DAL,USW00003927,78.0,58.0
2026-04-09,DAL,USW00003927,81.0,62.0
2026-04-10,DAL,USW00003927,83.0,64.0
2026-04-11,DAL,USW00003927,80.0,65.0
2026-04-12,DAL,USW00003927,73.0,66.0
2026-04-13,DAL,USW00003927,85.0,68.0
2026-04-14,DAL,USW00003927,79.0,71.0
2026-04-15,DAL,USW00003927,79.0,70.0
2026-04-16,DAL,USW00003927,86.0,68.0
2026-04-17,DAL,USW00003927,82.0,69.0
2026-04-18,DAL,USW00003927,75.0,49.0
2026-04-19,DAL,USW00003927,72.0,44.0
2026-04-20,DAL,USW00003927,72.0,51.0
2026-04-21,DAL,USW00003927,63.0,56.0
2026-04-22,DAL,USW00003927,78.0,60.0
2026-04-23,DAL,USW00003927,79.0,69.0
2026-04-24,DAL,USW00003927,89.0,69.0
2026-04-25,DAL,USW00003927,88.0,67.0
2026-04-26,DAL,USW00003927,84.0,69.0
2026-04-27,DAL,USW00003927,93.0,74.0
2026-04-28,DAL,USW00003927,85.0,69.0
2026-04-29,DAL,USW00003927,69.0,60.0
2026-04-30,DAL,USW00003927,64.0,57.0
2026-05-01,DAL,USW00003927,66.0,55.0
2026-05-02,DAL,USW00003927,78.0,50.0
2026-05-03,DAL,USW00003927,83.0,56.0
2026-05-04,DAL,USW00003927,82.0,62.0
2026-02-06,SF,USW00023234,67.0,51.0
2026-02-07,SF,USW00023234,60.0,50.0
2026-02-08,SF,USW00023234,65.0,47.0
2026-02-09,SF,USW00023234,62.0,50.0
2026-02-10,SF,USW00023234,59.0,48.0
2026-02-11,SF,USW00023234,59.0,53.0
2026-02-12,SF,USW00023234,63.0,50.0
2026-02-13,SF,USW00023234,60.0,51.0
2026-02-14,SF,USW00023234,59.0,46.0
2026-02-15,SF,USW00023234,60.0,52.0
2026-02-16,SF,USW00023234,54.0,49.0
2026-02-17,SF,USW00023234,52.0,43.0
2026-02-18,SF,USW00023234,54.0,40.0
2026-02-19,SF,USW00023234,52.0,44.0
2026-02-20,SF,USW00023234,52.0,40.0
2026-02-21,SF,USW00023234,61.0,40.0
2026-02-22,SF,USW00023234,66.0,47.0
2026-02-23,SF,USW00023234,63.0,49.0
2026-02-24,SF,USW00023234,68.0,56.0
2026-02-25,SF,USW00023234,64.0,56.0
2026-02-26,SF,USW00023234,71.0,53.0
2026-02-27,SF,USW00023234,72.0,54.0
2026-02-28,SF,USW00023234,74.0,58.0
2026-03-01,SF,USW00023234,62.0,55.0
2026-03-02,SF,USW00023234,63.0,54.0
2026-03-03,SF,USW00023234,61.0,51.0
2026-03-04,SF,USW00023234,62.0,52.0
2026-03-05,SF,USW00023234,63.0,46.0
2026-03-06,SF,USW00023234,69.0,53.0
2026-03-07,SF,USW00023234,74.0,55.0
2026-03-08,SF,USW00023234,74.0,52.0
2026-03-09,SF,USW00023234,66.0,51.0
2026-03-10,SF,USW00023234,61.0,47.0
2026-03-11,SF,USW00023234,73.0,46.0
2026-03-12,SF,USW00023234,72.0,50.0
2026-03-13,SF,USW00023234,71.0,49.0
2026-03-14,SF,USW00023234,69.0,51.0
2026-03-15,SF,USW00023234,79.0,50.0
2026-03-16,SF,USW00023234,83.0,55.0
2026-03-17,SF,USW00023234,85.0,57.0
2026-03-18,SF,USW00023234,81.0,53.0
2026-03-19,SF,USW00023234,85.0,50.0
2026-03-20,SF,USW00023234,89.0,58.0
2026-03-21,SF,USW00023234,75.0,53.0
2026-03-22,SF,USW00023234,69.0,50.0
2026-03-23,SF,USW00023234,76.0,50.0
2026-03-24,SF,USW00023234,78.0,53.0
2026-03-25,SF,USW00023234,69.0,52.0
2026-03-26,SF,USW00023234,73.0,49.0
2026-03-27,SF,USW00023234,80.0,54.0
2026-03-28,SF,USW00023234,73.0,50.0
2026-03-29,SF,USW00023234,84.0,55.0
2026-03-30,SF,USW00023234,73.0,59.0
2026-03-31,SF,USW00023234,67.0,59.0
2026-04-01,SF,USW00023234,62.0,53.0
2026-04-02,SF,USW00023234,63.0,48.0
2026-04-03,SF,USW00023234,74.0,46.0
2026-04-04,SF,USW00023234,80.0,51.0
2026-04-05,SF,USW00023234,81.0,53.0
2026-04-06,SF,USW00023234,62.0,51.0
2026-04-07,SF,USW00023234,64.0,53.0
2026-04-08,SF,USW00023234,72.0,54.0
2026-04-09,SF,USW00023234,71.0,54.0
2026-04-10,SF,USW00023234,66.0,57.0
2026-04-11,SF,USW00023234,62.0,51.0
2026-04-12,SF,USW00023234,59.0,52.0
2026-04-13,SF,USW00023234,63.0,50.0
2026-04-14,SF,USW00023234,61.0,53.0
2026-04-15,SF,USW00023234,62.0,50.0
2026-04-16,SF,USW00023234,67.0,50.0
2026-04-17,SF,USW00023234,70.0,53.0
2026-04-18,SF,USW00023234,72.0,48.0
2026-04-19,SF,USW00023234,73.0,52.0
2026-04-20,SF,USW00023234,66.0,54.0
2026-04-21,SF,USW00023234,63.0,52.0
2026-04-22,SF,USW00023234,65.0,51.0
2026-04-23,SF,USW00023234,68.0,52.0
2026-04-24,SF,USW00023234,63.0,53.0
2026-04-25,SF,USW00023234,59.0,53.0
2026-04-26,SF,USW00023234,62.0,55.0
2026-04-27,SF,USW00023234,63.0,52.0
2026-04-28,SF,USW00023234,66.0,52.0
2026-04-29,SF,USW00023234,66.0,52.0
2026-04-30,SF,USW00023234,66.0,52.0
2026-05-01,SF,USW00023234,63.0,54.0
2026-05-02,SF,USW00023234,61.0,54.0
2026-05-03,SF,USW00023234,65.0,54.0
2026-05-04,SF,USW00023234,64.0,53.0
2026-02-06,OKC,USW00013967,68.0,43.0
2026-02-07,OKC,USW00013967,69.0,35.0
2026-02-08,OKC,USW00013967,73.0,46.0
2026-02-09,OKC,USW00013967,81.0,37.0
2026-02-10,OKC,USW00013967,61.0,42.0
2026-02-11,OKC,USW00013967,58.0,36.0
2026-02-12,OKC,USW00013967,73.0,35.0
2026-02-13,OKC,USW00013967,76.0,49.0
2026-02-14,OKC,USW00013967,64.0,55.0
2026-02-15,OKC,USW00013967,68.0,46.0
2026-02-16,OKC,USW00013967,74.0,40.0
2026-02-17,OKC,USW00013967,74.0,55.0
2026-02-18,OKC,USW00013967,74.0,44.0
2026-02-19,OKC,USW00013967,66.0,36.0
2026-02-20,OKC,USW00013967,51.0,26.0
2026-02-21,OKC,USW00013967,50.0,30.0
2026-02-22,OKC,USW00013967,49.0,28.0
2026-02-23,OKC,USW00013967,55.0,27.0
2026-02-24,OKC,USW00013967,72.0,37.0
2026-02-25,OKC,USW00013967,74.0,44.0
2026-02-26,OKC,USW00013967,74.0,44.0
2026-02-27,OKC,USW00013967,80.0,40.0
2026-02-28,OKC,USW00013967,84.0,47.0
2026-03-01,OKC,USW00013967,79.0,43.0
2026-03-02,OKC,USW00013967,63.0,37.0
2026-03-03,OKC,USW00013967,81.0,50.0
2026-03-04,OKC,USW00013967,53.0,47.0
2026-03-05,OKC,USW00013967,75.0,50.0
2026-03-06,OKC,USW00013967,78.0,64.0
2026-03-07,OKC,USW00013967,70.0,38.0
2026-03-08,OKC,USW00013967,75.0,31.0
2026-03-09,OKC,USW00013967,87.0,53.0
2026-03-10,OKC,USW00013967,85.0,63.0
2026-03-11,OKC,USW00013967,64.0,42.0
2026-03-12,OKC,USW00013967,65.0,26.0
2026-03-13,OKC,USW00013967,76.0,39.0
2026-03-14,OKC,USW00013967,79.0,44.0
2026-03-15,OKC,USW00013967,68.0,31.0
2026-03-16,OKC,USW00013967,42.0,22.0
2026-03-17,OKC,USW00013967,68.0,25.0
2026-03-18,OKC,USW00013967,80.0,46.0
2026-03-19,OKC,USW00013967,91.0,44.0
2026-03-20,OKC,USW00013967,94.0,50.0
2026-03-21,OKC,USW00013967,96.0,54.0
2026-03-22,OKC,USW00013967,88.0,56.0
2026-03-23,OKC,USW00013967,69.0,45.0
2026-03-24,OKC,USW00013967,79.0,53.0
2026-03-25,OKC,USW00013967,91.0,58.0
2026-03-26,OKC,USW00013967,91.0,62.0
2026-03-27,OKC,USW00013967,71.0,44.0
2026-03-28,OKC,USW00013967,63.0,44.0
2026-03-29,OKC,USW00013967,83.0,44.0
2026-03-30,OKC,USW00013967,87.0,63.0
2026-03-31,OKC,USW00013967,87.0,65.0
2026-04-01,OKC,USW00013967,80.0,56.0
2026-04-02,OKC,USW00013967,84.0,64.0
2026-04-03,OKC,USW00013967,80.0,57.0
2026-04-04,OKC,USW00013967,64.0,51.0
2026-04-05,OKC,USW00013967,69.0,42.0
2026-04-06,OKC,USW00013967,73.0,42.0
2026-04-07,OKC,USW00013967,71.0,42.0
2026-04-08,OKC,USW00013967,76.0,44.0
2026-04-09,OKC,USW00013967,80.0,51.0
2026-04-10,OKC,USW00013967,83.0,58.0
2026-04-11,OKC,USW00013967,77.0,59.0
2026-04-12,OKC,USW00013967,82.0,65.0
2026-04-13,OKC,USW00013967,86.0,68.0
2026-04-14,OKC,USW00013967,82.0,62.0
2026-04-15,OKC,USW00013967,80.0,61.0
2026-04-16,OKC,USW00013967,85.0,59.0
2026-04-17,OKC,USW00013967,77.0,50.0
2026-04-18,OKC,USW00013967,63.0,44.0
2026-04-19,OKC,USW00013967,71.0,39.0
2026-04-20,OKC,USW00013967,74.0,46.0
2026-04-21,OKC,USW00013967,64.0,51.0
2026-04-22,OKC,USW00013967,68.0,57.0
2026-04-23,OKC,USW00013967,82.0,67.0
2026-04-24,OKC,USW00013967,76.0,64.0
2026-04-25,OKC,USW00013967,73.0,60.0
2026-04-26,OKC,USW00013967,86.0,62.0
2026-04-27,OKC,USW00013967,90.0,66.0
2026-04-28,OKC,USW00013967,68.0,55.0
2026-04-29,OKC,USW00013967,68.0,49.0
2026-04-30,OKC,USW00013967,68.0,51.0
2026-05-01,OKC,USW00013967,70.0,50.0
2026-05-02,OKC,USW00013967,75.0,44.0
2026-05-03,OKC,USW00013967,84.0,46.0
2026-05-04,OKC,USW00013967,82.0,59.0
